City_ID,City,Country,Date,Lat,Lng,Max Temp,Humidity,Cloudiness,Wind Speed
0,Sabha,LY,2020-10-27 14:43:19,27.04,14.43,85.87,15,0,11.86
1,Hamilton,US,2020-10-27 14:43:19,39.18,-84.53,48.2,87,90,3.36
2,Araouane,ML,2020-10-27 14:43:19,18.9,-3.53,98.28,9,12,11.45
3,Tiznit,MA,2020-10-27 14:42:54,29.58,-9.5,72.7,43,0,9.48
4,Kamenka,RU,2020-10-27 14:43:19,51.32,42.77,41.0,69,61,8.88
5,Chicama,PE,2020-10-27 14:43:20,-7.84,-79.15,62.6,88,90,6.93
6,Port Elizabeth,ZA,2020-10-27 14:43:21,-33.92,25.57,71.6,73,0,11.41
7,Abha,SA,2020-10-27 14:43:21,18.22,42.51,73.4,11,20,13.87
8,Luderitz,NA,2020-10-27 14:43:21,-26.65,15.16,63.97,62,95,17.34
9,Ushuaia,AR,2020-10-27 14:41:17,-54.8,-68.3,42.8,52,40,18.34
10,Port Alfred,ZA,2020-10-27 14:43:23,-33.59,26.89,76.19,73,50,14.67
11,Penarroya-Pueblonuevo,ES,2020-10-27 14:43:23,38.3,-5.27,66.2,39,0,2.24
12,Selma,US,2020-10-27 14:43:23,36.57,-119.61,48.2,93,40,3.36
13,Salinas,US,2020-10-27 14:43:23,36.68,-121.66,48.2,42,1,12.75
14,Punta Arenas,CL,2020-10-27 14:40:49,-53.15,-70.92,46.4,49,40,19.46
15,Tasiilaq,GL,2020-10-27 14:42:42,65.61,-37.64,32.0,91,75,21.92
16,East London,ZA,2020-10-27 14:43:23,-33.02,27.91,71.6,88,75,9.17
17,Busselton,AU,2020-10-27 14:43:24,-33.65,115.33,61.0,69,54,9.33
18,Coihaique,CL,2020-10-27 14:43:24,-45.58,-72.07,39.2,86,90,2.24
19,Hithadhoo,MV,2020-10-27 14:43:24,-0.6,73.08,83.93,67,75,9.04
20,Jalu,LY,2020-10-27 14:43:24,29.03,21.55,85.75,23,100,6.6
21,Motril,ES,2020-10-27 14:43:24,36.75,-3.52,64.99,40,86,1.99
22,Alvaraes,BR,2020-10-27 14:43:24,-3.22,-64.8,87.8,84,40,4.7
23,Jamestown,US,2020-10-27 14:42:37,42.1,-79.24,46.0,87,90,6.93
24,Camana,PE,2020-10-27 14:43:25,-16.62,-72.71,68.32,59,67,9.26
25,Cape Town,ZA,2020-10-27 14:42:06,-33.93,18.42,71.01,72,20,14.99
26,Murgab,TM,2020-10-27 14:43:26,37.5,61.97,68.0,28,90,6.93
27,Saint-Philippe,RE,2020-10-27 14:41:57,-21.36,55.77,77.0,69,0,4.7
28,Mantua,IT,2020-10-27 14:40:27,45.17,10.78,60.01,75,15,1.99
29,Marakkanam,IN,2020-10-27 14:43:27,12.2,79.95,80.96,78,3,11.12
30,Manapparai,IN,2020-10-27 14:43:28,10.6,78.42,84.2,70,20,4.7
31,Mahajanga,MG,2020-10-27 14:43:29,-15.72,46.32,84.2,70,20,14.99
32,Arraial Do Cabo,BR,2020-10-27 14:43:14,-22.97,-42.03,82.4,69,40,12.75
33,San Martin,AR,2020-10-27 14:43:29,-33.08,-68.47,75.2,22,0,11.41
34,Mar Del Plata,AR,2020-10-27 14:41:18,-38.0,-57.56,66.2,42,0,9.17
35,Klaksvik,FO,2020-10-27 14:42:38,62.23,-6.59,42.8,70,60,16.11
36,San Juan De Uraba,CO,2020-10-27 14:43:29,8.76,-76.53,85.14,69,53,4.52
37,Upernavik,GL,2020-10-27 14:43:30,72.79,-56.15,18.01,84,0,6.85
38,Bredasdorp,ZA,2020-10-27 14:43:05,-34.53,20.04,73.4,53,85,19.46
39,Mehamn,NO,2020-10-27 14:43:30,71.04,27.85,32.0,87,0,13.87
40,Adrar,MR,2020-10-27 14:43:30,20.5,-10.07,96.44,10,0,9.4
41,Porto Walter,BR,2020-10-27 14:43:30,-8.27,-72.74,91.81,49,100,4.7
42,Sinnamary,GF,2020-10-27 14:43:30,5.38,-52.95,86.04,67,28,8.9
43,Hermanus,ZA,2020-10-27 14:43:30,-34.42,19.23,69.01,73,97,8.99
44,Havre-Saint-Pierre,CA,2020-10-27 14:43:31,50.23,-63.6,32.0,92,90,4.7
45,Zhezkazgan,KZ,2020-10-27 14:43:31,47.8,67.71,31.98,90,96,20.58
46,Longyearbyen,SJ,2020-10-27 14:43:31,78.22,15.64,32.0,94,75,12.75
47,Eyl,SO,2020-10-27 14:43:31,7.98,49.82,79.48,62,97,11.36
48,Rostovka,RU,2020-10-27 14:43:32,55.38,71.89,32.2,98,100,13.47
49,Bambous Virieux,MU,2020-10-27 14:43:32,-20.34,57.76,77.0,69,40,9.17
50,Torbay,CA,2020-10-27 14:43:32,47.67,-52.73,42.8,100,90,14.99
51,Victoria,HK,2020-10-27 14:40:39,22.29,114.16,77.0,76,79,21.3
52,Plettenberg Bay,ZA,2020-10-27 14:42:41,-34.05,23.37,69.96,66,98,6.8
53,Sao Jose Da Coroa Grande,BR,2020-10-27 14:43:33,-8.9,-35.15,82.58,66,70,15.86
54,Rubizhne,UA,2020-10-27 14:43:33,49.01,38.38,55.36,43,100,12.93
55,Muros,ES,2020-10-27 14:42:31,42.78,-9.06,61.0,91,100,21.99
56,Grindavik,IS,2020-10-27 14:42:48,63.84,-22.43,42.8,56,75,24.16
57,Calvia,ES,2020-10-27 14:43:35,39.57,2.51,69.8,45,53,5.82
58,Cayenne,GF,2020-10-27 14:43:35,4.93,-52.33,89.6,55,75,5.82
59,Rincon,US,2020-10-27 14:40:37,32.3,-81.24,75.99,78,20,8.05
60,Vila Velha,BR,2020-10-27 14:42:34,-20.33,-40.29,80.6,65,40,9.17
61,Narsaq,GL,2020-10-27 14:43:24,60.92,-46.05,32.0,93,75,3.36
62,Fort-Shevchenko,KZ,2020-10-27 14:43:36,44.51,50.26,49.98,63,11,19.08
63,Havoysund,NO,2020-10-27 14:43:36,71.0,24.66,35.6,74,0,3.36
64,Kirovskiy,RU,2020-10-27 14:43:37,45.09,133.51,43.29,82,93,3.62
65,Iqaluit,CA,2020-10-27 14:41:57,63.75,-68.51,14.0,78,75,5.82
66,Camacha,PT,2020-10-27 14:43:38,33.08,-16.33,69.8,56,40,8.05
67,Scarborough,GB,2020-10-27 14:43:38,54.28,-0.4,48.99,93,100,4.0
68,Qaanaaq,GL,2020-10-27 14:43:39,77.48,-69.36,8.08,79,79,11.34
69,Souillac,MU,2020-10-27 14:43:39,-20.52,57.52,77.0,69,40,9.17
70,Reinosa,ES,2020-10-27 14:43:40,43.0,-4.14,70.0,72,55,7.0
71,Derzhavinsk,KZ,2020-10-27 14:43:40,51.1,66.32,30.76,96,100,23.24
72,Bam,IR,2020-10-27 14:43:41,29.11,58.36,62.58,25,0,6.51
73,Elizabeth City,US,2020-10-27 14:38:55,36.29,-76.25,62.6,100,90,5.82
74,Mizdah,LY,2020-10-27 14:43:42,31.45,12.98,75.4,28,0,13.58
75,Talnakh,RU,2020-10-27 14:43:42,69.49,88.4,-0.4,84,0,4.47
76,Atbasar,KZ,2020-10-27 14:41:08,51.8,68.33,33.71,90,97,24.36
77,Cockburn Town,TC,2020-10-27 14:43:43,21.46,-71.14,82.54,78,3,18.81
78,Pompeu,BR,2020-10-27 14:43:44,-19.22,-44.94,85.8,45,39,5.73
79,Castro,BR,2020-10-27 14:43:45,-24.79,-50.01,74.84,52,34,8.86
80,Cidreira,BR,2020-10-27 14:43:53,-30.18,-50.21,63.23,84,91,17.9
81,Kayerkan,RU,2020-10-27 14:43:54,69.35,87.76,-0.4,84,0,4.47
82,Ribeira Grande,PT,2020-10-27 14:41:57,38.52,-28.7,68.0,60,75,10.29
83,Praia Da Vitoria,PT,2020-10-27 14:40:43,38.73,-27.07,68.0,94,40,11.05
84,Coruripe,BR,2020-10-27 14:43:56,-10.13,-36.18,86.0,61,92,16.04
85,Saint Anthony,US,2020-10-27 14:42:15,45.02,-93.22,21.99,78,1,6.93
86,Ugoofaaru,MV,2020-10-27 14:43:57,5.67,73.0,83.35,74,1,8.41
87,Shu,KZ,2020-10-27 14:43:57,43.6,73.76,42.01,74,86,5.99
88,Luquillo,PR,2020-10-27 14:43:58,18.37,-65.72,87.8,66,40,13.87
89,Puerto Carreno,CO,2020-10-27 14:43:58,6.19,-67.49,86.68,67,98,10.31
90,Matara,LK,2020-10-27 14:42:37,5.95,80.54,78.76,85,99,7.02
91,Yar-Sale,RU,2020-10-27 14:43:28,66.83,70.83,4.51,94,0,5.64
92,Copiapo,CL,2020-10-27 14:44:00,-27.37,-70.33,55.4,87,90,8.05
93,Rocha,UY,2020-10-27 14:44:00,-34.48,-54.33,64.99,67,76,13.85
94,Groningen,NL,2020-10-27 14:40:58,53.25,6.75,52.0,76,90,13.87
95,Butajira,ET,2020-10-27 14:44:01,8.12,38.37,63.23,34,1,9.15
96,Bathsheba,BB,2020-10-27 14:44:01,13.22,-59.52,87.8,70,40,19.46
97,Malartic,CA,2020-10-27 14:43:06,48.13,-78.13,21.99,92,40,5.82
98,Goba,ET,2020-10-27 14:44:02,7.02,39.98,53.38,88,96,2.35
99,Barrie,CA,2020-10-27 14:44:02,44.4,-79.67,39.99,93,90,2.24
100,Revda,RU,2020-10-27 14:44:03,56.8,59.93,26.6,79,20,11.18
101,Puerto Del Rosario,ES,2020-10-27 14:44:04,28.5,-13.86,75.2,60,40,14.99
102,Saqqez,IR,2020-10-27 14:44:04,36.25,46.27,54.72,35,0,6.46
103,Cienfuegos,CU,2020-10-27 14:44:06,22.15,-80.44,84.2,83,75,5.82
104,Touros,BR,2020-10-27 14:44:06,-5.2,-35.46,86.0,62,40,12.75
105,Bela Palanka,RS,2020-10-27 14:44:06,43.22,22.31,71.6,40,0,1.12
106,Turukhansk,RU,2020-10-27 14:44:08,65.82,87.98,1.09,86,0,11.72
107,Saint George,US,2020-10-27 14:41:55,37.1,-113.58,35.01,20,1,10.29
108,Lichinga,MZ,2020-10-27 14:44:11,-13.31,35.24,71.31,60,94,4.47
109,Kidal,ML,2020-10-27 14:43:28,18.44,1.41,96.53,9,0,16.08
110,Laguna,US,2020-10-27 14:44:13,38.42,-121.42,48.99,36,1,1.66
111,Nouadhibou,MR,2020-10-27 14:44:13,20.93,-17.03,95.0,21,89,14.99
112,Bandar-E Lengeh,IR,2020-10-27 14:44:14,26.56,54.88,82.4,61,0,6.93
113,Naryan-Mar,RU,2020-10-27 14:44:14,67.67,53.09,34.27,95,100,13.4
114,Mahbubnagar,IN,2020-10-27 14:44:14,16.73,77.98,72.82,69,17,6.51
115,Lagoa,PT,2020-10-27 14:42:17,39.05,-27.98,63.54,69,90,13.4
116,Barcelona,ES,2020-10-27 14:43:50,41.39,2.16,66.0,42,20,13.87
117,Mirandopolis,BR,2020-10-27 14:44:15,-21.13,-51.1,82.42,57,25,7.56
118,Santiago,CL,2020-10-27 14:39:22,-33.46,-70.65,64.0,54,75,4.7
119,Bengkulu,ID,2020-10-27 14:43:37,-3.8,102.27,76.91,84,92,3.51
120,Codrington,AU,2020-10-27 14:44:15,-38.27,141.97,47.19,92,17,7.09
121,Abu Samrah,SY,2020-10-27 14:44:16,35.3,37.18,78.51,16,0,10.85
122,Mukerian,IN,2020-10-27 14:44:16,31.95,75.62,68.13,24,0,2.28
123,Chuy,UY,2020-10-27 14:44:16,-33.7,-53.46,65.48,72,100,17.67
124,Margate,GB,2020-10-27 14:44:16,51.38,1.39,53.01,92,100,7.0
125,Rundu,NA,2020-10-27 14:44:16,-17.93,19.77,100.53,10,80,9.53
126,Ermelo,ZA,2020-10-27 14:44:17,-26.53,29.98,73.9,39,89,6.76
127,Conceicao Do Araguaia,BR,2020-10-27 14:44:17,-8.26,-49.26,96.33,42,92,3.44
128,Road Town,VG,2020-10-27 14:44:17,18.42,-64.62,86.0,66,40,11.41
129,Thompson,CA,2020-10-27 14:43:22,55.74,-97.86,15.8,92,75,2.82
130,Catamarca,AR,2020-10-27 14:44:17,-28.47,-65.79,86.0,33,0,11.01
131,Vestmanna,FO,2020-10-27 14:43:49,62.16,-7.17,42.8,70,27,16.11
132,Saldanha,ZA,2020-10-27 14:43:16,-33.01,17.94,71.6,53,100,5.82
133,Nanortalik,GL,2020-10-27 14:41:53,60.14,-45.24,31.87,89,100,7.05
134,Talcahuano,CL,2020-10-27 14:44:18,-36.72,-73.12,57.2,58,0,12.75
135,Maragogi,BR,2020-10-27 14:44:18,-9.01,-35.22,82.67,66,92,16.06
136,Katra,IN,2020-10-27 14:44:18,32.98,74.95,71.6,53,5,7.61
137,Ombessa,CM,2020-10-27 14:44:19,4.6,11.26,86.59,60,1,1.48
138,Virginia Beach,US,2020-10-27 14:39:59,36.85,-75.98,60.8,93,90,3.36
139,Offa,NG,2020-10-27 14:44:19,8.15,4.72,87.28,45,100,4.9
140,Adilabad,IN,2020-10-27 14:41:08,19.67,78.53,75.92,58,41,0.36
141,Porto Recanati,IT,2020-10-27 14:44:19,43.44,13.66,68.0,45,100,6.93
142,Husavik,IS,2020-10-27 14:44:02,66.04,-17.34,37.4,64,90,2.24
143,Carnarvon,AU,2020-10-27 14:42:32,-24.87,113.63,69.8,83,0,24.16
144,Gunjur,GM,2020-10-27 14:44:20,13.2,-16.73,95.0,53,0,8.61
145,Dikson,RU,2020-10-27 14:42:33,73.51,80.55,9.95,96,100,18.07
146,Cananeia,BR,2020-10-27 14:44:20,-25.01,-47.93,80.87,63,15,7.7
147,Qeshm,IR,2020-10-27 14:44:20,26.96,56.27,82.4,69,0,9.17
148,Ornskoldsvik,SE,2020-10-27 14:44:21,63.29,18.72,46.4,100,68,5.82
149,Onega,RU,2020-10-27 14:44:21,63.91,38.14,44.01,94,100,10.36
150,Hobyo,SO,2020-10-27 14:44:21,5.35,48.53,80.65,75,1,9.19
151,Bridlington,GB,2020-10-27 14:44:21,54.08,-0.19,48.99,88,100,8.99
152,Orhei,MD,2020-10-27 14:44:22,47.38,28.82,60.8,87,20,1.39
153,Sur,OM,2020-10-27 14:44:22,22.57,59.53,72.99,56,0,1.92
154,Conway,US,2020-10-27 14:43:50,35.09,-92.44,43.0,100,90,8.05
155,Lebu,CL,2020-10-27 14:44:22,-37.62,-73.65,53.76,59,9,7.09
156,Birao,CF,2020-10-27 14:43:22,10.28,22.79,92.39,31,0,4.7
157,Mahebourg,MU,2020-10-27 14:44:23,-20.41,57.7,77.0,69,40,9.17
158,Harbour Breton,CA,2020-10-27 14:44:23,47.48,-55.8,55.0,100,100,5.99
159,Lolodorf,CM,2020-10-27 14:44:24,3.23,10.73,74.52,93,100,2.1
160,Vestmannaeyjar,IS,2020-10-27 14:43:29,63.44,-20.27,41.0,80,75,46.08
161,Kruisfontein,ZA,2020-10-27 14:44:06,-34.0,24.73,73.0,74,86,1.99
162,Nioro,GM,2020-10-27 14:44:24,13.35,-15.75,98.6,20,6,6.06
163,Puerto Ayora,EC,2020-10-27 14:43:27,-0.74,-90.35,69.01,89,100,5.99
164,Solginskiy,RU,2020-10-27 14:44:24,61.05,41.34,41.61,89,87,11.97
165,Jalalabad,AF,2020-10-27 14:44:24,34.43,70.45,71.06,21,0,0.69
166,Mokhotlong,LS,2020-10-27 14:44:25,-29.29,29.07,71.64,30,68,15.75
167,Walvis Bay,NA,2020-10-27 14:43:24,-22.96,14.51,60.01,84,1,3.0
168,Premia De Mar,ES,2020-10-27 14:44:29,41.49,2.37,66.0,45,92,3.0
169,Eirunepe,BR,2020-10-27 14:44:29,-6.66,-69.87,94.98,46,70,2.77
170,Santona,ES,2020-10-27 14:44:29,43.44,-3.46,68.0,52,75,11.41
171,Sao Joao Da Barra,BR,2020-10-27 14:43:35,-21.64,-41.05,82.4,61,40,4.7
172,Alegrete,BR,2020-10-27 14:44:30,-29.78,-55.79,68.67,57,46,5.68
173,Vila Franca Do Campo,PT,2020-10-27 14:44:30,37.72,-25.43,68.0,72,40,16.11
174,Guarapari,BR,2020-10-27 14:44:30,-20.67,-40.5,80.01,70,70,4.43
175,Luau,AO,2020-10-27 14:44:30,-10.71,22.22,87.42,42,45,3.91
176,Urdoma,RU,2020-10-27 14:44:30,61.75,48.54,35.15,91,100,9.62
177,Acari,PE,2020-10-27 14:44:31,-15.43,-74.62,76.17,45,86,8.7
178,Susangerd,IR,2020-10-27 14:44:31,31.56,48.18,87.8,19,0,4.7
179,Honningsvag,NO,2020-10-27 14:43:10,70.98,25.97,32.0,79,0,13.87
180,Nacala,MZ,2020-10-27 14:44:31,-14.54,40.67,79.63,70,48,5.68
181,Londiani,KE,2020-10-27 14:44:31,-0.17,35.59,59.34,87,98,2.84
182,Sao Filipe,CV,2020-10-27 14:43:18,14.9,-24.5,83.07,64,95,6.62
183,Antipovka,RU,2020-10-27 14:44:32,49.83,45.31,41.11,63,82,9.71
184,Chapadinha,BR,2020-10-27 14:44:32,-3.74,-43.36,98.96,32,87,4.23
185,Miraflores,MX,2020-10-27 14:44:32,19.22,-98.81,57.2,44,75,3.36
186,Marsaxlokk,MT,2020-10-27 14:41:57,35.84,14.54,66.2,63,40,16.11
187,San Cristobal,VE,2020-10-27 14:44:32,7.77,-72.22,80.6,69,40,3.36
188,Santa Isabel Do Rio Negro,BR,2020-10-27 14:44:33,-0.41,-65.02,95.31,51,90,1.52
189,Kautokeino,NO,2020-10-27 14:44:33,69.01,23.04,31.28,98,100,3.0
190,Stilfontein,ZA,2020-10-27 14:44:33,-26.84,26.77,87.67,19,86,11.88
191,Chapais,CA,2020-10-27 14:43:47,49.78,-74.85,19.4,79,1,6.93
192,Taltal,CL,2020-10-27 14:40:20,-25.4,-70.48,63.63,60,38,5.84
193,Curumani,CO,2020-10-27 14:44:34,9.2,-73.54,89.35,55,29,2.13
194,Huarmey,PE,2020-10-27 14:41:59,-10.07,-78.15,67.84,70,86,8.43
195,Alibag,IN,2020-10-27 14:44:34,18.64,72.88,87.8,58,40,3.36
196,Meulaboh,ID,2020-10-27 14:43:19,4.14,96.13,78.19,84,97,3.91
197,Necochea,AR,2020-10-27 14:44:35,-38.55,-58.74,68.25,54,0,9.19
198,Panama City,PA,2020-10-27 14:41:22,8.99,-79.52,86.0,79,20,1.12
199,Russas,BR,2020-10-27 14:44:35,-4.94,-37.98,100.87,30,54,5.59
200,Lebyazhye,RU,2020-10-27 14:44:36,55.27,66.49,27.23,96,100,26.37
201,Hoshcha,UA,2020-10-27 14:40:11,50.6,26.67,57.2,76,75,8.95
202,Khorixas,NA,2020-10-27 14:44:36,-20.37,14.97,94.19,14,75,26.28
203,Srem,PL,2020-10-27 14:44:37,52.09,17.02,53.6,66,0,9.17
204,Westport,US,2020-10-27 14:41:03,41.14,-73.36,54.0,66,90,11.41
205,Balkanabat,TM,2020-10-27 14:44:37,39.51,54.37,67.05,30,0,8.63
206,Comodoro Rivadavia,AR,2020-10-27 14:44:38,-45.87,-67.5,59.0,28,0,32.21
207,Evora,PT,2020-10-27 14:44:38,38.57,-7.9,64.4,52,40,8.05
208,Liverpool,GB,2020-10-27 14:44:04,53.41,-2.98,51.8,93,75,26.4
209,Clyde River,CA,2020-10-27 14:44:38,70.47,-68.59,9.9,84,49,3.87
210,Marawi,PH,2020-10-27 14:43:14,8.0,124.29,75.99,91,100,5.99
211,Ponta Do Sol,PT,2020-10-27 14:44:39,32.67,-17.1,69.8,64,40,10.29
212,Dingle,PH,2020-10-27 14:44:39,11.0,122.67,77.79,80,100,4.12
213,Harlingen,US,2020-10-27 14:42:21,26.19,-97.7,64.4,88,90,16.11
214,Kaminskiy,RU,2020-10-27 14:44:39,57.15,41.47,38.23,87,83,9.69
215,Hualmay,PE,2020-10-27 14:44:40,-11.1,-77.61,68.36,69,73,8.99
216,Maralal,KE,2020-10-27 14:44:40,1.1,36.7,68.99,58,65,12.5
217,Bytow,PL,2020-10-27 14:44:40,54.17,17.49,55.99,83,99,5.99
218,Batticaloa,LK,2020-10-27 14:43:33,7.71,81.69,80.92,77,13,2.64
219,Hambantota,LK,2020-10-27 14:43:59,6.12,81.12,77.0,100,75,4.7
220,Namibe,AO,2020-10-27 14:44:41,-15.2,12.15,72.79,74,16,10.25
221,Kasongo-Lunda,CD,2020-10-27 14:44:42,-6.47,16.82,88.83,58,87,4.0
222,Georgetown,MY,2020-10-27 14:43:23,5.41,100.34,84.2,79,20,5.82
223,Nikki,BJ,2020-10-27 14:44:42,9.94,3.21,91.49,25,0,6.22
224,Los Llanos De Aridane,ES,2020-10-27 14:44:43,28.66,-17.92,75.2,64,75,10.29
225,Krasnopavlivka,UA,2020-10-27 14:44:43,49.14,36.33,54.68,46,98,13.13
226,Guskhara,IN,2020-10-27 14:40:04,23.5,87.75,73.47,52,0,6.67
227,Nouakchott,MR,2020-10-27 14:42:16,18.09,-15.98,104.0,7,0,17.22
228,Puerto Lempira,HN,2020-10-27 14:44:44,15.27,-83.77,82.81,75,100,4.54
229,Arco,IT,2020-10-27 14:41:17,45.92,10.89,59.0,86,40,6.93
230,Ouesso,CG,2020-10-27 14:44:44,1.61,16.05,81.66,80,51,3.91
231,Sechura,PE,2020-10-27 14:43:08,-5.56,-80.82,69.57,71,100,8.86
232,San Estanislao,CO,2020-10-27 14:44:46,10.4,-75.15,87.8,79,40,3.36
233,Santiago De Cao,PE,2020-10-27 14:44:47,-7.96,-79.24,62.6,88,90,6.93
234,Surab,PK,2020-10-27 14:44:48,28.49,66.26,57.11,29,0,4.54
235,Puerto Quijarro,BO,2020-10-27 14:44:49,-17.78,-57.77,96.76,39,63,2.08
236,Baherden,TM,2020-10-27 14:43:08,38.44,57.43,63.45,33,6,5.44
237,Yelan,RU,2020-10-27 14:44:51,50.95,43.74,39.92,68,39,9.69
238,Chantada,ES,2020-10-27 14:44:51,42.61,-7.77,57.99,100,100,7.4
239,Ruyigi,BI,2020-10-27 14:44:52,-3.45,30.32,68.68,84,62,4.03
240,Jashpurnagar,IN,2020-10-27 14:44:52,22.9,84.15,64.72,49,0,5.32
241,Aranos,NA,2020-10-27 14:44:52,-24.13,19.12,94.55,14,26,7.52
242,Port-Gentil,GA,2020-10-27 14:44:26,-0.72,8.78,86.0,74,40,14.99
243,Omboue,GA,2020-10-27 14:44:53,-1.57,9.26,80.17,77,73,9.78
244,Ladario,BR,2020-10-27 14:44:53,-19.0,-57.6,80.6,78,40,8.05
245,Timmins,CA,2020-10-27 14:44:44,48.47,-81.33,24.8,85,90,9.17
246,Sfantu Gheorghe,RO,2020-10-27 14:44:53,45.87,25.78,59.0,75,0,3.85
247,Hammerfest,NO,2020-10-27 14:44:54,70.66,23.68,35.6,74,0,3.36
248,Ambanja,MG,2020-10-27 14:44:54,-13.68,48.45,86.0,77,75,6.93
249,Saint-Augustin,CA,2020-10-27 14:43:10,51.23,-58.65,33.75,86,100,7.0
250,Atar,MR,2020-10-27 14:44:54,20.52,-13.05,99.91,9,0,12.68
251,Mahibadhoo,MV,2020-10-27 14:44:54,3.78,72.97,83.17,76,1,8.86
252,Yanam,IN,2020-10-27 14:43:53,16.73,82.22,84.2,79,20,6.93
253,Japura,ID,2020-10-27 14:44:55,-0.32,102.35,76.75,88,57,0.6
254,Itarema,BR,2020-10-27 14:44:55,-2.92,-39.92,87.82,53,46,14.05
255,Puerto Cabezas,NI,2020-10-27 14:44:55,14.04,-83.39,77.0,94,75,4.7
256,Oxford,GB,2020-10-27 14:40:02,51.75,-1.26,55.4,93,90,13.87
257,Bajil,YE,2020-10-27 14:44:56,15.06,43.29,87.71,39,49,11.34
258,Khandbari,NP,2020-10-27 14:41:56,27.37,87.2,64.62,63,1,3.18
259,Catalina,US,2020-10-27 14:44:56,32.51,-110.92,41.0,59,23,4.0
260,Iracoubo,GF,2020-10-27 14:44:56,5.48,-53.2,86.2,66,10,9.71
261,North Myrtle Beach,US,2020-10-27 14:44:56,33.82,-78.68,73.0,83,1,2.26
262,Vygonichi,RU,2020-10-27 14:44:57,53.1,34.07,51.8,62,0,8.95
263,Krasne,UA,2020-10-27 14:44:57,49.91,24.61,62.6,63,0,8.95
264,Sekoma,BW,2020-10-27 14:44:57,-24.4,23.88,93.43,13,9,7.38
265,Puerto Baquerizo Moreno,EC,2020-10-27 14:44:58,-0.9,-89.6,67.77,87,100,10.78
266,Rio Grande,BR,2020-10-27 14:42:45,-32.03,-52.1,57.99,98,100,7.0
267,Vangaindrano,MG,2020-10-27 14:44:58,-23.35,47.6,73.94,77,0,6.49
268,Altamira,BR,2020-10-27 14:44:58,-3.2,-52.21,89.6,59,75,5.82
269,Dhidhdhoo,MV,2020-10-27 14:44:58,6.88,73.1,83.23,73,73,5.53
270,Burgeo,CA,2020-10-27 14:44:33,47.62,-57.62,45.57,92,100,3.96
271,Goderich,CA,2020-10-27 14:44:59,43.75,-81.72,43.0,88,99,15.03
272,Caxito,AO,2020-10-27 14:45:00,-8.58,13.66,80.6,78,75,9.17
273,La Lima,HN,2020-10-27 14:42:28,15.43,-87.92,86.0,74,75,6.93
274,Trelew,AR,2020-10-27 14:41:54,-43.25,-65.31,66.65,24,61,18.48
275,Grand-Santi,GF,2020-10-27 14:45:00,4.25,-54.38,94.55,42,4,4.45
276,Campos,BR,2020-10-27 14:41:19,-21.75,-41.3,82.4,61,40,4.7
277,Caravelas,BR,2020-10-27 14:43:56,-17.71,-39.25,79.83,74,97,6.96
278,Igarka,RU,2020-10-27 14:45:01,67.47,86.58,-3.28,88,0,6.85
279,Concarneau,FR,2020-10-27 14:45:02,47.88,-3.92,59.0,93,75,11.41
280,Grand Gaube,MU,2020-10-27 14:45:02,-20.01,57.66,75.0,70,12,4.0
281,Gat,IL,2020-10-27 14:43:04,31.61,34.76,81.0,100,0,4.0
282,Diamantino,BR,2020-10-27 14:45:03,-14.41,-56.45,96.4,38,32,5.97
283,Ancud,CL,2020-10-27 14:45:03,-41.87,-73.82,52.0,71,75,10.29
284,Mahon,ES,2020-10-27 14:45:04,39.89,4.27,64.4,52,20,10.29
285,Akhisar,TR,2020-10-27 14:45:04,38.92,27.84,73.4,56,20,5.82
286,Hofn,IS,2020-10-27 14:43:51,64.25,-15.21,38.7,74,100,18.14
287,Saint-Pierre,RE,2020-10-27 14:45:06,-21.34,55.48,77.0,69,0,4.7
288,Fuengirola,ES,2020-10-27 14:45:07,36.54,-4.62,73.4,28,0,13.87
289,Kedrovyy,RU,2020-10-27 14:45:08,56.17,91.82,46.4,61,0,11.18
290,Kuusamo,FI,2020-10-27 14:45:09,65.97,29.18,41.0,93,90,10.29
291,Ewo,CG,2020-10-27 14:45:09,-0.87,14.82,85.37,63,46,4.41
292,Canakkale,TR,2020-10-27 14:45:09,40.08,26.83,71.6,64,20,4.7
293,Dothan,US,2020-10-27 14:42:20,31.22,-85.39,75.0,88,90,10.29
294,Bhikangaon,IN,2020-10-27 14:45:10,21.87,75.95,77.04,38,0,5.7
295,Fort Abbas,PK,2020-10-27 14:45:10,29.19,72.85,75.94,18,0,3.71
296,Rock Sound,BS,2020-10-27 14:45:11,24.9,-76.2,82.26,79,0,9.28
297,Rio Claro,BR,2020-10-27 14:40:49,-22.41,-47.56,82.4,54,40,10.29
298,Adzope,CI,2020-10-27 14:45:11,6.11,-3.86,81.99,88,79,3.36
299,Labrea,BR,2020-10-27 14:45:12,-7.26,-64.8,95.99,41,100,2.3
300,Salalah,OM,2020-10-27 14:41:27,17.02,54.09,82.4,58,0,4.7
301,Sorland,NO,2020-10-27 14:45:12,67.67,12.69,48.2,61,0,9.17
302,Imbituba,BR,2020-10-27 14:45:13,-28.24,-48.67,80.6,61,40,12.75
303,Axim,GH,2020-10-27 14:42:41,4.87,-2.24,81.07,82,100,11.18
304,Elmina,GH,2020-10-27 14:45:13,5.09,-1.35,81.12,82,96,11.97
305,Misratah,LY,2020-10-27 14:45:13,32.38,15.09,74.46,63,21,17.56
306,Los Aquijes,PE,2020-10-27 14:45:14,-14.1,-75.69,68.0,68,0,10.29
307,Vardo,NO,2020-10-27 14:43:50,70.37,31.11,35.6,84,40,32.21
308,Saint-Georges,GD,2020-10-27 14:42:28,12.06,-61.75,86.0,74,20,17.22
309,Olovo,BA,2020-10-27 14:45:15,44.13,18.58,71.6,40,20,2.24
310,Marienburg,PL,2020-10-27 14:45:15,54.04,19.03,52.0,100,100,9.53
311,Aksarka,RU,2020-10-27 14:45:16,66.56,67.8,2.98,92,100,4.23
312,Galle,LK,2020-10-27 14:45:17,6.04,80.22,79.88,84,100,7.0
313,Oriximina,BR,2020-10-27 14:45:17,-1.77,-55.87,97.77,37,51,3.38
314,Nexo,DK,2020-10-27 14:43:37,55.06,15.13,51.8,87,100,18.34
315,Jardim,BR,2020-10-27 14:45:18,-21.48,-56.14,87.39,49,17,2.53
316,Niamey,NE,2020-10-27 14:45:18,13.51,2.11,100.4,9,0,4.7
317,Juli,PE,2020-10-27 14:45:18,-16.22,-69.45,53.35,44,87,5.75
318,Terrace Bay,CA,2020-10-27 14:45:19,48.78,-87.1,32.0,94,90,6.93
319,Rafsanjan,IR,2020-10-27 14:45:19,30.41,55.99,62.65,25,0,8.55
320,Unai,BR,2020-10-27 14:45:20,-16.36,-46.91,88.93,48,51,5.77
321,Barra Patuca,HN,2020-10-27 14:45:21,15.8,-84.28,79.68,84,100,7.76
322,Pisco,PE,2020-10-27 14:45:22,-13.7,-76.22,68.0,68,0,10.29
323,Sharanga,RU,2020-10-27 14:45:23,57.18,46.54,33.33,90,100,8.28
324,Asosa,ET,2020-10-27 14:45:24,10.07,34.53,68.65,84,25,1.86
325,Koutiala,ML,2020-10-27 14:45:25,12.39,-5.46,96.08,12,68,7.63
326,Mabaruma,GY,2020-10-27 14:45:26,8.2,-59.78,88.56,56,25,6.13
327,Anzio,IT,2020-10-27 14:45:29,41.49,12.62,66.2,68,40,9.17
328,Neuquen,AR,2020-10-27 14:41:16,-38.95,-68.06,57.2,58,0,5.82
329,Deer Lake,CA,2020-10-27 14:45:31,49.17,-57.43,32.0,92,90,5.82
330,Tabas,IR,2020-10-27 14:45:31,33.6,56.92,77.0,16,0,6.93
331,Khash,IR,2020-10-27 14:45:32,28.22,61.22,58.39,25,0,4.74
332,Nairobi,KE,2020-10-27 14:41:35,-1.28,36.82,69.8,68,75,2.24
333,Coquimbo,CL,2020-10-27 14:40:54,-29.95,-71.34,55.4,76,90,10.29
334,Matadi,CD,2020-10-27 14:45:33,-5.82,13.45,87.71,58,77,8.68
335,Khakhea,BW,2020-10-27 14:45:34,-24.69,23.49,93.78,14,5,7.43
336,Micheweni,TZ,2020-10-27 14:45:34,-4.97,39.83,80.33,75,10,11.72
337,Chapayevka,UA,2020-10-27 14:45:34,47.47,36.35,56.48,49,84,12.39
338,Alta Floresta,BR,2020-10-27 14:45:35,-9.88,-56.09,94.26,41,100,5.66
339,High Rock,BS,2020-10-27 14:44:02,26.62,-78.28,82.4,83,20,10.29
340,Iskateley,RU,2020-10-27 14:45:35,67.68,53.15,34.12,95,100,13.49
341,Ripanj,RS,2020-10-27 14:45:36,44.64,20.52,69.8,49,0,9.17
342,Beloha,MG,2020-10-27 14:42:43,-25.17,45.05,74.77,67,0,15.86
343,Yumbe,UG,2020-10-27 14:45:37,3.47,31.25,75.99,81,90,2.86
344,Lasa,IT,2020-10-27 14:45:37,46.62,10.7,51.01,69,75,5.82
345,Bentiu,SS,2020-10-27 14:45:02,9.23,29.83,89.35,48,18,2.44
346,Junin,AR,2020-10-27 14:45:39,-34.58,-60.94,71.01,14,2,1.99
347,Mamou,GN,2020-10-27 14:45:39,10.5,-12.0,84.52,41,100,4.05
348,Viedma,AR,2020-10-27 14:42:39,-40.81,-63.0,62.83,48,100,17.27
349,Valparaiso,CL,2020-10-27 14:45:40,-33.04,-71.63,55.4,66,0,5.82
350,Lerwick,GB,2020-10-27 14:45:40,60.15,-1.15,50.0,87,75,9.17
351,Pavlodar,KZ,2020-10-27 14:45:41,52.3,76.95,35.6,93,90,17.9
352,Berlevag,NO,2020-10-27 14:45:29,70.86,29.09,32.0,84,0,17.22
353,Henties Bay,NA,2020-10-27 14:45:42,-22.12,14.28,60.01,84,1,3.0
354,Biltine,TD,2020-10-27 14:45:42,14.53,20.92,96.3,11,2,7.99
355,Novyy Urengoy,RU,2020-10-27 14:45:43,66.08,76.63,-1.14,91,0,8.63
356,Bandarbeyla,SO,2020-10-27 14:43:31,9.49,50.81,77.31,70,0,12.35
357,Wilmington Island,US,2020-10-27 14:45:43,32.0,-80.97,78.01,83,1,5.82
358,Zheshart,RU,2020-10-27 14:45:43,62.07,49.57,34.27,92,100,8.79
359,Bronnoysund,NO,2020-10-27 14:45:44,65.46,12.2,48.2,70,0,6.93
360,Nisporeni,MD,2020-10-27 14:45:44,47.08,28.18,59.0,93,90,2.24
361,Gumia,IN,2020-10-27 14:45:45,23.78,85.82,71.11,49,0,4.74
362,Kongolo,CD,2020-10-27 14:45:45,-5.38,27.0,78.42,87,100,1.5
363,Thinadhoo,MV,2020-10-27 14:45:48,0.53,72.93,83.61,69,40,8.79
364,Soloneshnoye,RU,2020-10-27 14:45:49,51.65,84.32,42.24,64,100,7.31
365,Methoni,GR,2020-10-27 14:45:50,36.82,21.7,72.0,49,20,2.66
366,Kemijarvi,FI,2020-10-27 14:45:50,66.71,27.43,44.2,94,100,10.96
367,Tambovka,RU,2020-10-27 14:45:51,50.1,128.05,41.0,60,75,4.47
368,Kalmunai,LK,2020-10-27 14:45:51,7.42,81.82,80.53,77,32,1.68
369,Olinda,BR,2020-10-27 14:45:51,-8.01,-34.86,86.0,66,40,12.75
370,Noyabrsk,RU,2020-10-27 14:45:52,63.2,75.45,8.55,95,80,16.04
371,Ilulissat,GL,2020-10-27 14:45:52,69.22,-51.1,19.4,73,75,3.36
372,Parambu,BR,2020-10-27 14:45:53,-6.21,-40.69,95.65,29,76,5.91
373,Gamba,GA,2020-10-27 14:43:31,-2.65,10.0,80.15,78,17,9.91
374,Jacobina,BR,2020-10-27 14:45:53,-11.18,-40.52,83.39,53,86,5.73
375,Gubkinskiy,RU,2020-10-27 14:45:54,64.43,76.5,4.51,93,0,14.14
376,Chiredzi,ZW,2020-10-27 14:45:54,-21.05,31.67,91.35,21,0,11.59
377,Pasni,PK,2020-10-27 14:45:54,25.26,63.47,76.75,68,0,11.79
378,Lucea,JM,2020-10-27 14:45:55,18.45,-78.17,86.0,66,20,9.17
379,Daltenganj,IN,2020-10-27 14:45:55,24.03,84.07,69.75,49,0,2.33
380,Calvinia,ZA,2020-10-27 14:45:55,-31.47,19.78,77.77,17,70,13.98
381,Bermeo,ES,2020-10-27 14:45:56,43.42,-2.72,64.4,59,75,9.17
382,Korla,CN,2020-10-27 14:41:59,41.76,86.15,46.06,50,25,3.74
383,Jucas,BR,2020-10-27 14:45:56,-6.53,-39.53,93.7,38,87,5.55
384,Isfana,KG,2020-10-27 14:45:56,39.84,69.53,59.0,44,75,6.71
385,Causapscal,CA,2020-10-27 14:45:57,48.35,-67.23,32.09,94,100,13.13
386,Calama,CL,2020-10-27 14:42:54,-22.47,-68.93,68.0,13,0,4.7
387,Kirkcudbright,GB,2020-10-27 14:45:58,54.84,-4.05,46.99,92,100,3.0
388,Lipin Bor,RU,2020-10-27 14:45:58,60.26,37.98,44.73,85,34,12.77
389,Tuchola,PL,2020-10-27 14:45:58,53.59,17.86,53.01,83,96,10.0
390,Polunochnoye,RU,2020-10-27 14:45:59,60.87,60.42,18.55,97,96,1.36
391,Pafos,CY,2020-10-27 14:45:59,34.77,32.42,78.8,69,40,5.82
392,Norden,DE,2020-10-27 14:44:39,53.6,7.2,51.8,71,75,14.99
393,Lagunas,PE,2020-10-27 14:45:59,-5.23,-75.68,93.72,47,47,3.8
394,Pleshanovo,RU,2020-10-27 14:46:01,52.83,53.48,30.63,91,0,6.8
395,Riohacha,CO,2020-10-27 14:46:02,11.54,-72.91,86.23,68,69,12.82
396,Kilinochchi,LK,2020-10-27 14:41:04,9.4,80.4,78.78,78,0,4.5
397,Gazanjyk,TM,2020-10-27 14:46:03,39.24,55.52,62.01,37,0,10.67
398,Paamiut,GL,2020-10-27 14:46:03,61.99,-49.67,28.78,86,0,18.75
399,Dunyapur,PK,2020-10-27 14:46:03,29.8,71.72,78.8,50,0,7.67
400,Leh,IN,2020-10-27 14:42:34,34.17,77.58,34.09,58,0,1.54
401,Chute-Aux-Outardes,CA,2020-10-27 14:46:04,49.12,-68.4,33.8,86,90,9.17
402,Koster,ZA,2020-10-27 14:46:05,-25.86,26.9,82.74,21,61,5.17
403,Seredka,RU,2020-10-27 14:46:05,58.16,28.19,53.6,81,90,8.95
404,Taklisah,TN,2020-10-27 14:46:07,36.78,10.63,69.8,45,75,14.99
405,Iquique,CL,2020-10-27 14:41:22,-20.22,-70.14,66.2,59,20,8.05
406,Saint-Francois,FR,2020-10-27 14:43:36,46.42,3.91,55.99,66,75,6.93
407,Ekibastuz,KZ,2020-10-27 14:46:10,51.67,75.37,34.86,81,75,17.0
408,Gualeguaychu,AR,2020-10-27 14:46:10,-33.01,-58.52,66.0,40,0,5.99
409,Vagur,FO,2020-10-27 14:46:10,61.47,-6.81,45.75,84,69,22.46
410,Joshimath,IN,2020-10-27 14:46:11,30.57,79.57,49.82,44,0,3.74
411,Alghero,IT,2020-10-27 14:46:11,40.56,8.32,64.4,59,40,11.41
412,Kindu,CD,2020-10-27 14:46:11,-2.95,25.95,77.7,89,100,2.17
413,Olafsvik,IS,2020-10-27 14:42:24,64.89,-23.71,39.83,71,100,19.39
414,Zapolyarnyy,RU,2020-10-27 14:46:12,69.42,30.81,35.6,93,75,12.75
415,Gouyave,GD,2020-10-27 14:46:12,12.16,-61.73,86.0,74,20,17.22
416,Tromso,NO,2020-10-27 14:46:13,69.65,18.96,37.4,74,0,3.36
417,Luena,AO,2020-10-27 14:46:13,-11.78,19.92,87.8,52,40,6.93
418,Boden,SE,2020-10-27 14:46:14,65.83,21.69,39.2,93,90,13.87
419,Dwarka,IN,2020-10-27 14:46:14,22.24,68.97,82.89,56,0,12.12
420,Sturgeon Bay,US,2020-10-27 14:46:07,44.83,-87.38,32.0,80,1,8.05
421,Maltahohe,NA,2020-10-27 14:46:15,-24.83,16.98,93.49,10,96,17.38
422,Almeirim,BR,2020-10-27 14:46:15,-1.52,-52.58,94.68,43,13,5.73
423,Sosua,DO,2020-10-27 14:46:02,19.77,-70.52,86.0,70,40,10.63
424,Bubaque,GW,2020-10-27 14:46:16,11.28,-15.83,83.89,72,94,8.01
425,Moose Factory,CA,2020-10-27 14:45:53,51.26,-80.61,23.0,73,1,12.75
426,Mizan Teferi,ET,2020-10-27 14:46:17,6.98,35.58,66.87,90,50,0.56
427,Otjiwarongo,NA,2020-10-27 14:46:17,-20.46,16.65,92.7,13,89,6.91
428,Rabat,MA,2020-10-27 14:41:20,33.99,-6.84,69.8,49,40,13.87
429,Kostyantynivka,UA,2020-10-27 14:46:18,48.53,37.71,55.09,40,100,11.99
430,La Asuncion,VE,2020-10-27 14:46:19,11.03,-63.86,86.0,74,0,12.75
431,Marfino,RU,2020-10-27 14:46:19,55.7,37.38,50.0,70,0,6.71
432,Ust-Koksa,RU,2020-10-27 14:46:20,50.27,85.61,36.59,72,6,4.61
433,Vinukonda,IN,2020-10-27 14:46:20,16.05,79.75,74.82,69,0,4.79
434,Umea,SE,2020-10-27 14:41:52,63.83,20.26,45.0,93,75,9.17
435,Uruacu,BR,2020-10-27 14:46:20,-14.52,-49.14,90.41,48,74,7.38
436,Derazhnya,UA,2020-10-27 14:46:20,49.27,27.43,58.77,77,79,7.25
437,Kupino,RU,2020-10-27 14:46:20,54.37,77.3,38.68,76,90,5.55
438,Minudasht,IR,2020-10-27 14:46:21,37.23,55.37,69.8,64,75,1.19
439,Raga,SS,2020-10-27 14:46:21,8.46,25.68,86.83,57,7,1.57
440,Thunder Bay,CA,2020-10-27 14:43:50,48.4,-89.32,24.8,49,75,12.75
441,Podor,MR,2020-10-27 14:46:21,16.65,-14.96,104.36,7,0,17.34
442,Paita,PE,2020-10-27 14:46:21,-5.09,-81.11,68.0,77,40,16.11
443,Sovetskiy,RU,2020-10-27 14:46:22,61.36,63.58,18.84,95,6,4.43
444,Inongo,CD,2020-10-27 14:46:22,-1.95,18.27,80.74,77,28,3.18
445,Alampur,IN,2020-10-27 14:46:22,15.88,78.15,75.51,63,0,5.37
446,Inta,RU,2020-10-27 14:46:22,66.03,60.17,23.67,98,100,10.0
447,Naron,ES,2020-10-27 14:46:23,43.52,-8.15,62.6,82,75,19.46
448,Faya,SA,2020-10-27 14:46:23,18.39,42.45,73.4,11,20,13.87
449,Tutoia,BR,2020-10-27 14:46:23,-2.76,-42.27,86.54,59,36,12.95
450,Constitucion,CL,2020-10-27 14:42:16,-35.33,-72.42,57.49,67,98,2.93
451,Mezen,RU,2020-10-27 14:46:23,65.85,44.24,38.01,97,100,8.59
452,Natal,BR,2020-10-27 14:45:40,-5.79,-35.21,86.0,66,75,11.41
453,Qaqortoq,GL,2020-10-27 14:43:30,60.72,-46.03,32.0,91,75,3.36
454,Pokhara,NP,2020-10-27 14:46:24,28.23,83.98,64.31,54,0,3.78
455,Marau,BR,2020-10-27 14:46:24,-28.45,-52.2,71.78,54,37,11.79
456,Petropavlovskoye,RU,2020-10-27 14:46:24,52.07,84.11,45.3,59,98,8.59
457,Kilindoni,TZ,2020-10-27 14:46:24,-7.91,39.67,79.7,79,0,13.65
458,Kharovsk,RU,2020-10-27 14:46:25,59.96,40.19,41.99,91,78,10.18
459,Les Cayes,HT,2020-10-27 14:43:29,18.2,-73.75,84.36,68,85,0.6
460,Bida,NG,2020-10-27 14:46:27,9.08,6.02,93.67,33,100,1.79
461,Bhuban,IN,2020-10-27 14:46:27,20.88,85.83,74.23,53,0,2.59
462,Maceio,BR,2020-10-27 14:45:46,-9.67,-35.74,86.0,58,75,10.29
463,Placido De Castro,BR,2020-10-27 14:46:29,-10.34,-67.19,84.92,65,100,4.88
464,Abrau-Dyurso,RU,2020-10-27 14:46:30,44.69,37.59,62.6,63,20,11.18
465,Makokou,GA,2020-10-27 14:46:30,0.57,12.86,86.22,57,40,2.28
466,Sisimiut,GL,2020-10-27 14:46:31,66.94,-53.67,20.82,88,0,9.53
467,Eidfjord,NO,2020-10-27 14:46:31,60.47,7.07,37.99,88,100,4.18
468,Bongandanga,CD,2020-10-27 14:46:31,1.5,21.05,85.05,65,83,1.95
469,Malanje,AO,2020-10-27 14:46:31,-9.54,16.34,80.22,62,47,6.53
470,Tarata,BO,2020-10-27 14:46:31,-17.62,-66.02,69.8,49,20,4.7
471,Caorle,IT,2020-10-27 14:46:32,45.6,12.88,62.01,88,33,3.85
472,Vucje,RS,2020-10-27 14:46:32,42.87,21.91,71.6,40,0,1.12
473,Tatishchevo,RU,2020-10-27 14:46:32,51.67,45.6,39.99,56,0,1.01
474,Vadlapudi,IN,2020-10-27 14:46:32,14.32,79.8,79.88,71,0,5.41
475,Tikhvin,RU,2020-10-27 14:46:33,59.65,33.53,48.34,80,62,10.0
476,Darlowo,PL,2020-10-27 14:46:33,54.42,16.41,50.0,80,100,13.04
477,Port Blair,IN,2020-10-27 14:42:38,11.67,92.75,80.49,77,0,2.68
478,Poltavka,RU,2020-10-27 14:46:33,54.37,71.76,32.36,98,100,6.8
479,Harrisburg,US,2020-10-27 14:46:34,40.27,-76.88,55.4,62,75,5.82
480,Carregado,PT,2020-10-27 14:46:34,39.02,-8.98,66.2,63,75,11.41
481,Bilma,NE,2020-10-27 14:46:35,18.69,12.92,90.05,11,0,2.26
482,Vuktyl,RU,2020-10-27 14:46:35,63.86,57.31,24.31,98,100,11.14
483,Abu Kamal,SY,2020-10-27 14:46:35,34.45,40.92,74.84,19,0,5.91
484,Skelleftea,SE,2020-10-27 14:46:36,64.75,20.95,39.99,100,20,4.7
485,Strathblane,GB,2020-10-27 14:46:36,55.99,-4.31,48.2,93,100,10.29
486,Bama,NG,2020-10-27 14:46:36,11.52,13.69,96.37,14,1,9.31
487,Pechora,RU,2020-10-27 14:46:37,65.15,57.22,25.16,98,100,12.53
488,Sept-Iles,CA,2020-10-27 14:44:44,50.2,-66.38,34.0,82,75,10.29
489,Wattegama,LK,2020-10-27 14:46:37,6.8,81.48,77.0,100,75,4.7
490,Pietarsaari,FI,2020-10-27 14:46:37,63.65,22.68,48.99,93,20,13.87
491,Ust-Tsilma,RU,2020-10-27 14:46:38,65.44,52.15,34.88,93,100,5.53
492,Curuca,BR,2020-10-27 14:46:38,-0.73,-47.85,92.17,47,2,10.56
493,Pangody,RU,2020-10-27 14:44:06,65.85,74.49,0.12,91,0,8.46
494,Amos,CA,2020-10-27 14:44:19,48.57,-78.12,21.99,92,40,5.82
495,Chabahar,IR,2020-10-27 14:46:38,25.29,60.64,78.8,57,0,9.17
496,Carutapera,BR,2020-10-27 14:41:42,-1.2,-46.02,88.7,55,52,10.27
497,Akdepe,TM,2020-10-27 14:46:39,42.06,59.38,46.4,39,0,6.93
498,Odweyne,SO,2020-10-27 14:46:39,9.41,45.06,77.18,26,0,19.1
499,Nantucket,US,2020-10-27 14:43:42,41.28,-70.1,55.4,82,90,14.99
500,Kaabong,UG,2020-10-27 14:46:40,3.48,34.15,75.04,52,100,14.47
501,Antofagasta,CL,2020-10-27 14:44:47,-23.65,-70.4,60.8,72,90,8.05
502,Lagos,NG,2020-10-27 14:46:40,6.58,3.75,89.6,70,75,4.7
503,Presidencia Roque Saenz Pena,AR,2020-10-27 14:46:40,-26.79,-60.44,81.0,37,0,1.99
504,Otterup,DK,2020-10-27 14:46:41,55.52,10.4,51.8,81,40,19.46
505,Hof,DE,2020-10-27 14:46:41,50.32,11.92,48.99,81,75,11.41
506,Bud,US,2020-10-27 14:46:42,39.45,-86.18,45.0,93,90,3.83
507,Emba,KZ,2020-10-27 14:46:42,48.83,58.14,34.74,81,0,14.76
508,Santa Marta,CO,2020-10-27 14:46:25,11.24,-74.2,86.0,65,4,8.34
509,Ostrovnoy,RU,2020-10-27 14:46:43,68.05,39.51,41.63,93,100,16.06
510,Chongwe,ZM,2020-10-27 14:46:43,-15.33,28.68,88.27,22,49,10.6
511,Sao Felix Do Xingu,BR,2020-10-27 14:46:43,-6.64,-51.99,86.02,71,96,4.27
512,Raudeberg,NO,2020-10-27 14:43:16,61.99,5.14,48.99,77,11,4.27
513,Matagami,CA,2020-10-27 14:46:44,49.75,-77.63,19.4,85,1,5.82
514,Zasheyek,RU,2020-10-27 14:46:44,67.41,32.55,39.02,98,100,5.97
515,Sao Miguel Do Araguaia,BR,2020-10-27 14:46:44,-13.28,-50.16,93.51,43,83,8.66
516,Horasan,TR,2020-10-27 14:46:44,40.05,42.17,55.56,35,100,2.59
517,Varhaug,NO,2020-10-27 14:46:45,58.61,5.65,48.0,93,55,11.81
518,Brae,GB,2020-10-27 14:46:46,60.4,-1.35,50.0,87,75,9.17
519,Chipata,ZM,2020-10-27 14:46:48,-13.63,32.65,81.97,33,59,6.55
520,Tucurui,BR,2020-10-27 14:46:48,-3.77,-49.67,93.29,50,51,3.71
521,Moroni,KM,2020-10-27 14:46:49,-11.7,43.26,78.62,72,37,2.35
522,Lyubech,UA,2020-10-27 14:46:49,51.7,30.66,50.94,76,13,7.85
523,Alice Town,BS,2020-10-27 14:46:50,25.72,-79.3,82.18,79,70,16.87
524,Ananas,HT,2020-10-27 14:46:50,19.25,-71.96,82.4,65,20,2.24
525,Portobelo,PA,2020-10-27 14:46:51,9.55,-79.65,86.0,83,40,2.24
526,Dakar,SN,2020-10-27 14:46:51,14.69,-17.44,93.2,52,0,6.93
527,Aksu,CN,2020-10-27 14:44:46,41.12,80.26,48.18,46,0,2.51
528,Pitanga,BR,2020-10-27 14:42:01,-24.76,-51.76,76.48,41,0,7.45
529,Czluchow,PL,2020-10-27 14:46:52,53.67,17.36,50.0,83,96,10.0
530,Tombouctou,ML,2020-10-27 14:46:53,20.0,-3.0,98.49,10,0,13.09
531,Aquiraz,BR,2020-10-27 14:44:53,-3.9,-38.39,86.0,62,40,12.75
532,Montevideo,UY,2020-10-27 14:46:53,-34.83,-56.17,66.99,68,40,11.41
533,Pangnirtung,CA,2020-10-27 14:46:53,66.15,-65.71,15.8,56,20,5.82
534,Ler,SS,2020-10-27 14:46:54,8.3,30.14,75.42,85,69,8.05
535,Antonina,BR,2020-10-27 14:46:54,-25.43,-48.71,82.0,53,75,13.87
536,Ballina,AU,2020-10-27 14:44:00,-28.87,153.57,66.2,88,90,8.05
537,Staryy Nadym,RU,2020-10-27 14:46:55,65.61,72.68,2.93,92,0,7.25
538,Mana,GF,2020-10-27 14:46:55,5.66,-53.78,86.9,64,19,8.23
539,Cassilandia,BR,2020-10-27 14:45:21,-19.11,-51.73,86.52,50,13,6.98
540,Molteno,ZA,2020-10-27 14:43:11,-31.4,26.36,66.15,55,76,13.35
541,Albany,US,2020-10-27 14:46:56,42.6,-73.97,48.99,73,69,4.54
542,Lima,PE,2020-10-27 14:46:32,-12.04,-77.03,63.0,88,75,5.82
543,Sao Gabriel Da Cachoeira,BR,2020-10-27 14:46:56,-0.13,-67.09,87.3,64,94,3.11
544,Grootfontein,NA,2020-10-27 14:46:57,-19.57,18.12,95.29,10,81,8.81
545,Bibbiena,IT,2020-10-27 14:46:57,43.7,11.81,62.01,62,34,5.01
546,Taywarah,AF,2020-10-27 14:46:57,33.35,64.42,32.85,81,0,3.11
547,Boa Vista,BR,2020-10-27 14:46:57,2.82,-60.67,87.8,55,20,13.87
548,Iralaya,HN,2020-10-27 14:46:58,15.0,-83.23,80.47,85,100,1.3
549,Adrasmon,TJ,2020-10-27 14:46:58,40.65,69.99,59.0,44,75,6.71
550,Tucuman,AR,2020-10-27 14:46:58,-26.82,-65.22,77.0,36,0,6.93
551,Waddan,LY,2020-10-27 14:46:58,29.16,16.14,88.88,15,10,17.47
552,Saint Andrews,US,2020-10-27 14:46:59,34.05,-81.13,60.8,100,90,0.81
553,Odoyev,RU,2020-10-27 14:46:59,53.94,36.69,45.63,82,60,9.55
554,Bukama,CD,2020-10-27 14:46:59,-9.2,25.85,92.8,36,32,2.48
555,Reyes,BO,2020-10-27 14:47:00,-14.32,-67.38,82.4,74,75,0.22
556,Sikasso,ML,2020-10-27 14:47:00,10.92,-7.0,93.74,23,84,5.97
557,Livingstonia,MW,2020-10-27 14:47:00,-10.61,34.11,74.3,59,33,7.99
558,Soyo,AO,2020-10-27 14:47:00,-6.13,12.37,84.2,74,75,9.17
559,Trapani,IT,2020-10-27 14:47:01,37.83,12.67,68.0,56,75,18.34
